<game_config>
  <game_key>7daystodie-beta_win32</game_key>  
  <protocol>lgsl</protocol>
  <lgsl_query_name>7dtd</lgsl_query_name>
  <installer>steamcmd</installer>
  <game_name>7 Days to Die Beta</game_name>
  <server_exec_name>7DaysToDie.exe</server_exec_name>
  <cli_template>-quit -batchmode -nographics -configfile=serverconfig.xml -dedicated</cli_template>
  <maps_location>Data/Worlds</maps_location>
  <console_log>7DaysToDie_Data/output_log.txt</console_log>
  <max_user_amount>4</max_user_amount>
  <mods>
    <mod key="7daystodie-alpha">
      <name>none</name>
      <installer_name>251570</installer_name>
      <betaname>alpha_6</betaname>
      <betapwd></betapwd>
    </mod>
  </mods>
  <replace_texts>
    <text key="port">
      <default>property</default>
      <var>ServerPort</var>
      <filepath>serverconfig.xml</filepath>
      <options>tagValueByName</options>
    </text>
    <text key="max_players">
      <default>property</default>
      <var>ServerMaxPlayerCount</var>
      <filepath>serverconfig.xml</filepath>
      <options>tagValueByName</options>
    </text>
    <text key="control_password">
      <default>property</default>
      <var>ControlPanelPassword</var>
      <filepath>serverconfig.xml</filepath>
      <options>tagValueByName</options>
    </text>
    <text key="home_name">
      <default>property</default>
      <var>ServerName</var>
      <filepath>serverconfig.xml</filepath>
      <options>tagValueByName</options>
    </text>
    <text key="home_name">
      <default>property</default>
      <var>GameName</var>
      <filepath>serverconfig.xml</filepath>
      <options>tagValueByName</options>
    </text>
    <text key="map">
      <default>property</default>
      <var>GameWorld</var>
      <filepath>serverconfig.xml</filepath>
      <options>tagValueByName</options>
    </text>
    <text key="query_port">
      <default>property</default>
      <var>TelnetPort</var>
      <filepath>serverconfig.xml</filepath>
      <options>tagValueByName</options>
    </text>
  </replace_texts>
  <custom_fields>
    <field key="ControlPanelEnabled" type="select">
      <option value="true">Yes</option>
      <option value="false">No</option>
      <default>property</default>
      <default_value>false</default_value>
      <var>ControlPanelEnabled</var>
      <filepath>serverconfig.xml</filepath>
      <options>tagValueByName</options>
      <desc>Enable the Web Control Panel.</desc>
    </field>
    <field key="TelnetEnabled" type="select">
      <option value="true">Yes</option>
      <option value="false">No</option>
      <default>property</default>
      <default_value>true</default_value>
      <var>TelnetEnabled</var>
      <filepath>serverconfig.xml</filepath>
      <options>tagValueByName</options>
      <desc>Enable local telnet connection. By disabling it OGP will be unable to get the server status.</desc>
    </field>
  </custom_fields>
</game_config>
