<game_config>
  <game_key>conanexiles_win64</game_key>
  <protocol>lgsl</protocol>
  <lgsl_query_name>conanexiles</lgsl_query_name>
  <installer>steamcmd</installer>
  <game_name>Conan Exiles</game_name>
  <server_exec_name>ConanSandboxServer.exe</server_exec_name>
  <cli_template>%IP% %PORT% %QUERY_PORT% %PLAYERS% -log</cli_template>
  <cli_params>
    <cli_param id="IP" cli_string="-MULTIHOME=" />
    <cli_param id="PORT" cli_string="-Port=" />
    <cli_param id="PLAYERS" cli_string="-MaxPlayers=" />
  </cli_params>
  <reserve_ports>
    <port type="add" id="QUERY_PORT" cli_string="-QueryPort=">19238</port>
  </reserve_ports>
  <console_log>ConanSandbox/Saved/Logs/ConanSandbox.log</console_log>
  <max_user_amount>70</max_user_amount>
  <mods>
    <mod key="default">
      <name>None</name>
      <installer_name>443030</installer_name>
      <installer_login>anonymous</installer_login>
    </mod>
  </mods>
  <replace_texts>
    <text key="home_name">
      <default>ServerName=.*</default>
      <var>ServerName=</var>
      <filepath>ConanSandbox/Config/DefaultEngine.ini</filepath>
    </text>
    <text key="control_password">
      <default>AdminPassword=.*</default>
      <var>AdminPassword=</var>
      <filepath>ConanSandbox/Config/DefaultServerSettings.ini</filepath>
    </text>
  </replace_texts>
  <custom_fields>
    <field key="IsVACEnabled" type="select">
      <option value="True">Yes</option>
      <option value="False">No</option>
      <default>IsVACEnabled=.*</default>
      <default_value>True</default_value>
      <var>IsVACEnabled=</var>
      <filepath>ConanSandbox/Saved/Config/WindowsServer/ServerSettings.ini</filepath>
      <options>s</options>
      <desc>Enables or disables Valve Anti-Cheat protection on the server.</desc>
    </field>
    <field key="IsBattlEyeEnabled" type="select">
      <option value="True">Yes</option>
      <option value="False">No</option>
      <default>IsBattlEyeEnabled=.*</default>
      <default_value>False</default_value>
      <var>IsBattlEyeEnabled=</var>
      <filepath>ConanSandbox/Saved/Config/WindowsServer/ServerSettings.ini</filepath>
      <options>s</options>
      <desc>Enables or disables BattlEye Anti-Cheat protection on the server.</desc>
    </field>
  </custom_fields>
</game_config>