<game_config>
 <game_key>dayz_arma2co_linux</game_key>
 <protocol>lgsl</protocol>
 <lgsl_query_name>dayzmod</lgsl_query_name>
 <game_name>DayZ Mod (CO)</game_name>
 <server_exec_name>server</server_exec_name><!-- arma2arrowhead -->
 <cli_template>-server -mod="@hive;@dayz" -config="cfgdayz/server.cfg" -cfg="cfgdayz/basic.cfg" %PORT% -beta="expansion/beta;expansion/beta/expansion" -noSound -noPause -world=Chernarus -profiles=cfgdayz -name=cfgdayz %CPUCOUNT% -showscripterrors %PID_FILE% %MEMORY%</cli_template>
 <cli_params>
  <cli_param id="PID_FILE" cli_string="-pid=" />
  <cli_param id="PORT" cli_string="-port=" />
 </cli_params>
 <console_log>cfgdayz/arma2oaserver.RPT</console_log>
 <control_protocol>armabe</control_protocol>
 <mods>
  <mod key='dayzmod'>
   <name>none</name>
   <installer_name>dayzmod</installer_name>
  </mod>
 </mods>
 <replace_texts>
  <text key="home_name">
   <default>(hostname\s*=\s*")(.*)(";)</default>
   <var>hostname = "%key%";</var>
   <filepath>cfgdayz/server.cfg</filepath>
   <options>key-regex</options>
  </text>
  <text key="max_players">
   <default>(maxPlayers\s*=\s*)(.*)(;)</default>
   <var>maxPlayers = %key%;</var>
   <filepath>cfgdayz/server.cfg</filepath>
   <options>key-regex</options>
  </text>
  <text key="control_password">
   <default>(passwordAdmin\s*=\s*")(.*)(";)</default>
   <var>passwordAdmin = "%key%";</var>
   <filepath>cfgdayz/server.cfg</filepath>
   <options>key-regex</options>
  </text>
 </replace_texts>
 <server_params>
  <param id="MEMORY" key="-maxMem=" type="text">
   <option>ns</option>
   <default>2047</default>
   <caption>Max RAM allocated</caption>
   <desc>Maximum usable memory in MB, for example: 1024</desc>
  </param>
  <param id="CPUCOUNT" key="-cpucount=" type="text">
   <option>ns</option>
   <default>4</default>
   <caption>Max CPUs allocated</caption>
   <desc>Maximum usable CPUs, for example: 4</desc>
  </param>
 </server_params>
</game_config>