<game_config>
  <game_key>dayz_win64</game_key>
  <protocol>lgsl</protocol>
  <lgsl_query_name>dayz</lgsl_query_name>
  <installer>steamcmd</installer>
  <game_name>DayZ</game_name>
  <server_exec_name>DayZServer_x64.exe</server_exec_name>
  <query_port type="add">3</query_port>
  <cli_template>-config=serverDZ.cfg %PORT% -profiles="%HOME_PATH%" -dologs -adminlog -netlog %FC% %NFP% %CC%</cli_template>
  <cli_params>
    <cli_param id="PORT" cli_string="-port=" />
    <cli_param id="HOME_PATH" cli_string="" />
  </cli_params>
  <console_log>server_console.log</console_log>
  <max_user_amount>127</max_user_amount>
  <mods>
    <mod key="default">
      <name>None</name>
      <installer_name>223350</installer_name>
    </mod>
  </mods>
  <replace_texts>
    <text key="query_port">
      <default>(steamQueryPort\s*=\s*)(.*)(;)</default>
      <var>steamQueryPort = %key%;</var>
      <filepath>serverDZ.cfg</filepath>
      <options>key-regex</options>
    </text>
    <text key="max_players">
      <default>(maxPlayers\s*=\s*)(.*)(;)</default>
      <var>maxPlayers = %key%;</var>
      <filepath>serverDZ.cfg</filepath>
      <options>key-regex</options>
    </text>
    <text key="control_password">
      <default>(passwordAdmin\s*=\s*")(.*)(";)</default>
      <var>passwordAdmin = "%key%";</var>
      <filepath>serverDZ.cfg</filepath>
      <options>key-regex</options>
    </text>
    <text key="home_name">
      <default>(hostname\s*=\s*")(.*)(";)</default>
      <var>hostname = "%key%";</var>
      <filepath>serverDZ.cfg</filepath>
      <options>key-regex</options>
    </text>
  </replace_texts>
  <server_params>
    <param key="-cpuCount=" type="text" id="CC">
      <default>1</default>
      <options>ns</options>
      <access>admin</access>
      <desc>Sets the number of logical CPU cores to use for parallel tasks processing. It should be less or equal than the numbers of available cores.</desc>
    </param>
    <param key="-freezecheck" type="checkbox_key_value" id="FC">
      <desc>Stops the server when frozen for more than 5 min and create a dump file.</desc>
    </param>
    <param key="-noFilePatching" type="checkbox_key_value" id="NFP">
      <desc>Ensures that only PBOs are loaded and NO unpacked data.</desc>
    </param>
  </server_params>
  <post_install>
    if grep -q logFile "serverDZ.cfg"
      then
        echo Configuration for logging already fixed.
      else
        echo Fixing the configuration for logging.
        echo -e "\n\nlogFile = \"server_console.log\";// Saves the server console log to a file in the folder with the other server logs">> serverDZ.cfg
    fi
  </post_install>
  <configuration_files>
    <file description="Server Configurations">serverDZ.cfg</file>
    <file description="BattlEye Configuration">battleye/BEServer_x64.cfg</file>
  </configuration_files>
</game_config>