<game_config>
  <game_key>fivem_linux32</game_key>
  <protocol>lgsl</protocol>
  <lgsl_query_name>fivem</lgsl_query_name>
  <game_name>FiveM</game_name>
  <server_exec_name>run.sh</server_exec_name>
  <cli_template>+exec server.cfg</cli_template>
  <max_user_amount>2048</max_user_amount>
  <control_protocol>rcon</control_protocol>
  <control_protocol_type>old</control_protocol_type>
  <mods>
    <mod key="default">
      <name>None</name>
    </mod>
  </mods>
  <replace_texts>
    <text key="home_name">
      <default>sv_hostname.*</default>
      <var>sv_hostname</var>
      <filepath>server.cfg</filepath>
      <options>sq</options>
    </text>
    <text key="control_password">
      <default>rcon_password.*</default>
      <var>rcon_password</var>
      <filepath>server.cfg</filepath>
      <options>sq</options>
    </text>
    <text key="max_players">
      <default>sv_maxclients.*</default>
      <var>sv_maxclients</var>
      <filepath>server.cfg</filepath>
      <options>s</options>
    </text>
    <text key="ip_port">
      <default>endpoint_add_tcp.*</default>
      <var>endpoint_add_tcp</var>
      <filepath>server.cfg</filepath>
      <options>sq</options>
    </text>
    <text key="ip_port">
      <default>endpoint_add_udp.*</default>
      <var>endpoint_add_udp</var>
      <filepath>server.cfg</filepath>
      <options>sq</options>
    </text>
  </replace_texts>
  <custom_fields>
    <field key="sets sv_projectName" type="text">
      <default>sets sv_projectName.*</default>
      <default_value>My FXServer Project</default_value>
      <var>sets sv_projectName</var>
      <filepath>server.cfg</filepath>
      <options>sq</options>
      <desc>Sets your servers Project Name</desc>
    </field>
    <field key="sets sv_projectDesc" type="text">
      <default>sets sv_projectDesc.*</default>
      <default_value>Default FXServer requiring configuration</default_value>
      <var>sets sv_projectDesc</var>
      <filepath>server.cfg</filepath>
      <options>sq</options>
      <desc>Sets your servers Project Description</desc>
    </field>
    <field key="sv_licenseKey" type="text">
      <default>sv_licenseKey.*</default>
      <default_value></default_value>
      <var>sv_licenseKey</var>
      <filepath>server.cfg</filepath>
      <options>s</options>
      <desc>Sets the License key. A License can be generated at: &lt;a href="https://keymaster.fivem.net/"&gt;https://keymaster.fivem.net/&lt;/a&gt;</desc>
    </field>
    <field key="set steam_webApiKey" type="text">
      <default>set steam_webApiKey.*</default>
      <default_value></default_value>
      <var>set steam_webApiKey</var>
      <filepath>server.cfg</filepath>
      <options>sq</options>
      <desc>Steam Web API key, if you want to use Steam authentication: &lt;a href="https://steamcommunity.com/dev/apikey/"&gt;https://steamcommunity.com/dev/apikey/&lt;/a&gt;</desc>
    </field>
  </custom_fields>
  <post_install>
cat > $PWD/server.cfg &lt;&lt;END
# Only change the IP if you're using a server with multiple network interfaces, otherwise change the port only.
endpoint_add_tcp "0.0.0.0:30120"
endpoint_add_udp "0.0.0.0:30120"

# These resources will start by default.
ensure mapmanager
ensure chat
ensure spawnmanager
ensure sessionmanager
ensure basic-gamemode
ensure hardcap
ensure rconlog

# This allows players to use scripthook-based plugins such as the legacy Lambda Menu.
# Set this to 1 to allow scripthook. Do note that this does _not_ guarantee players won't be able to use external plugins.
sv_scriptHookAllowed 0

# Uncomment this and set a password to enable RCON. Make sure to change the password - it should look like rcon_password "YOURPASSWORD"
rcon_password ogpPassword

# A comma-separated list of tags for your server.
# For example: sets tags "drifting, cars, racing"
# Or: sets tags "roleplay, military, tanks"
sets tags "default"

# A valid locale identifier for your server's primary language.
# For example "en-US", "fr-CA", "nl-NL", "de-DE", "en-GB", "pt-BR"
sets locale "en-US"

# Set an optional server info and connecting banner image url.
# Size doesn't matter, any banner sized image will be fine.
#sets banner_detail "https://url.to/image.png"
#sets banner_connecting "https://url.to/image.png"

# Set your server's hostname. This is not usually shown anywhere in listings.
sv_hostname "FXServer, but unconfigured"

# Set your server's Project Name
sets sv_projectName "My FXServer Project"

# Set your server's Project Description
sets sv_projectDesc "Default FXServer requiring configuration"

# Nested configs!
#exec server_internal.cfg

# Loading a server icon (96x96 PNG file)
#load_server_icon myLogo.png

# convars which can be used in scripts
#set temp_convar "hey world!"

# Remove the `#` from the below line if you want your server to be listed as 'private' in the server browser.
# Do not edit it if you *do not* want your server listed as 'private'.
# Check the following url for more detailed information about this:
# https://docs.fivem.net/docs/server-manual/server-commands/#sv_master1-newvalue
#sv_master1 ""

# Add system admins
add_ace group.admin command allow # allow all commands
add_ace group.admin command.quit deny # but don't allow quit
add_principal identifier.fivem:1 group.admin # add the admin to the group

# enable OneSync (required for server-side state awareness)
set onesync on

# Server player slot limit (see https://fivem.net/server-hosting for limits)
sv_maxclients 48

# Steam Web API key, if you want to use Steam authentication (https://steamcommunity.com/dev/apikey)
# -> replace "" with the key
set steam_webApiKey ""

# License key for your server (https://keymaster.fivem.net)
sv_licenseKey superduperkey

END
  </post_install>
  <configuration_files>
    <file description="Main Config File">server.cfg</file>
  </configuration_files>
</game_config>
