<game_config>
  <game_key>ivmp_win32</game_key>
  <game_name>IV Multiplayer</game_name>
  <server_exec_name>ivmp-svr.exe</server_exec_name>
  <console_log>ivmp-svr.log</console_log>
  <max_user_amount>48</max_user_amount>
  <mods>
    <mod key="ivmp">
      <name>None</name>
    </mod>
  </mods>
  <replace_texts>
    <text key="port">
      <default>port</default>
      <filepath>settings.xml</filepath>
      <options>tags</options>
    </text>
    <text key="max_players">
      <default>maxplayers</default>
      <filepath>settings.xml</filepath>
      <options>tags</options>
    </text>
    <text key="home_name">
      <default>hostname</default>
      <filepath>settings.xml</filepath>
      <options>tags</options>
    </text>
    <text key="ip">
      <default>hostaddress</default>
      <filepath>settings.xml</filepath>
      <options>tags</options>
    </text>
  </replace_texts>
  <custom_fields>
    <field key="httpport" type="text">
      <default>httpport</default>
      <default_value>9998</default_value>
      <filepath>settings.xml</filepath>
      <options>tags</options>
      <desc>The port the webserver listens on.</desc>
    </field>
  </custom_fields>
</game_config>