<game_config> 
  <game_key>nightofthedead_win64</game_key>
  <protocol>lgsl</protocol>
  <lgsl_query_name>nightofthedead</lgsl_query_name>
  <installer>steamcmd</installer>
  <game_name>Night of the Dead</game_name>
  <server_exec_name>LFServer.exe</server_exec_name>
  <cli_template>?listen -log %PORT% %QUERY_PORT%</cli_template>
  <cli_params>
    <cli_param id="PORT" cli_string="-Port=" />
  </cli_params>
  <reserve_ports>
    <port type="add" id="QUERY_PORT" cli_string="-QueryPort=">19238</port>
  </reserve_ports>
  <console_log>LF/Saved/Logs/LF.log</console_log>
  <exe_location>LF/Binaries/Win64</exe_location>
  <max_user_amount>100</max_user_amount>
  <mods>
    <mod key="nightofthedead">
      <name>none</name>
      <installer_name>1420710</installer_name> 
      <installer_login>anonymous</installer_login>
    </mod>
  </mods>
  <replace_texts>
    <text key="max_players">
      <default>MaxPlayers=.*</default>
      <var>MaxPlayers=</var>
      <filepath>ServerSettings.ini</filepath>
    </text>
  </replace_texts>
  <pre_start>
    rm LF/Saved/Config/ServerSettings.ini
    cp ServerSettings.ini LF/Saved/Config/ServerSettings.ini
  </pre_start>
	<configuration_files>
		<file description="Server Configs">ServerSettings.ini</file>
	</configuration_files>
</game_config>
